{
  "baskets": {
    "1": {
      "growth": 103.07235419757671,
      "DD": 18.430522605740318,
      "posMo": 61.458333333333336,
      "posY": 100.0,
      "worstY": 0.04102165194085239,
      "stdY": 0.6683579032413214,
      "concentration": 0.22748736118606133,
      "nyears": 9.0,
      "members": [
        1
      ]
    },
    "2": {
      "growth": 115.29007300637404,
      "DD": 14.062821488370414,
      "posMo": 64.58333333333334,
      "posY": 100.0,
      "worstY": 0.07027908402333849,
      "stdY": 0.858119279316865,
      "concentration": 0.2747066945746516,
      "nyears": 9.0,
      "members": [
        1,
        61
      ]
    },
    "3": {
      "growth": 118.18675786790594,
      "DD": 14.43622363915409,
      "posMo": 67.70833333333334,
      "posY": 100.0,
      "worstY": 0.033385897221739125,
      "stdY": 0.8878206647616423,
      "concentration": 0.2818227779698794,
      "nyears": 9.0,
      "members": [
        1,
        61,
        71
      ]
    },
    "4": {
      "growth": 117.87084501675422,
      "DD": 13.117717928123385,
      "posMo": 69.79166666666666,
      "posY": 100.0,
      "worstY": 0.0479422331923014,
      "stdY": 0.9362649042451259,
      "concentration": 0.2959044468418168,
      "nyears": 9.0,
      "members": [
        1,
        61,
        71,
        79
      ]
    },
    "5": {
      "growth": 115.607402003875,
      "DD": 12.320454122005199,
      "posMo": 67.70833333333334,
      "posY": 100.0,
      "worstY": 0.039817071478632116,
      "stdY": 0.9681557259828181,
      "concentration": 0.30460626909143235,
      "nyears": 9.0,
      "members": [
        1,
        61,
        71,
        79,
        85
      ]
    },
    "6": {
      "growth": 114.32828029512272,
      "DD": 13.113671518665182,
      "posMo": 67.70833333333334,
      "posY": 100.0,
      "worstY": 0.03346575203304658,
      "stdY": 0.9966101688740034,
      "concentration": 0.31104850426664393,
      "nyears": 9.0,
      "members": [
        1,
        61,
        71,
        79,
        85,
        10
      ]
    }
  },
  "best_single": 1,
  "mean_pairwise_yearcorr": 0.927162083460589,
  "most_anticorr_pair": [
    3,
    72
  ],
  "most_anticorr_value": 0.7926988006711858
}